{
    "experiments": [
        {
            "run_index": 0,
            "timestamp": "2025-02-25T13:49:39.779691",
            "truth_mean": [
                -0.0768069177865982,
                -0.046729642897844315,
                -8.769800186157227,
                0.08482013642787933,
                0.008696426637470722,
                -1.543745517730713,
                -0.02638094499707222,
                -0.01527620293200016,
                1.546656847000122,
                -0.18457786738872528,
                -0.1805698126554489,
                0.017248550429940224
            ],
            "pred_mean": [
                0.0794132724404335,
                -0.07368865609169006,
                -10.092621803283691,
                -0.6280638575553894,
                1.3118685483932495,
                -1.0473638772964478,
                -3.0567150115966797,
                -0.1764185130596161,
                1.9142502546310425,
                -3.353656053543091,
                3.162449598312378,
                -1.1694843769073486
            ],
            "error_mean": [
                0.1562201827764511,
                -0.026959018781781197,
                -1.322821855545044,
                -0.7128840088844299,
                1.30317223072052,
                0.4963816702365875,
                -3.030333995819092,
                -0.16114231944084167,
                0.3675934672355652,
                -3.1690781116485596,
                3.343019485473633,
                -1.1867331266403198
            ]
        }
    ]
}