{
    "experiments": [
        {
            "run_index": 0,
            "timestamp": "2025-02-24T10:27:36.877400",
            "truth_mean": [
                -0.26882320642471313,
                -0.012920424342155457,
                -0.08339241147041321,
                -0.021744271740317345,
                -0.021953647956252098,
                0.0007693992811255157,
                0.01137956976890564,
                0.020369911566376686,
                1.5090832710266113,
                1.0544771612330806e-05,
                1.2464088285923935e-05,
                -0.0002252880804007873
            ],
            "pred_mean": [
                NaN,
                NaN,
                NaN,
                NaN,
                NaN,
                NaN,
                NaN,
                NaN,
                NaN,
                NaN,
                NaN,
                NaN
            ],
            "error_mean": [
                NaN,
                NaN,
                NaN,
                NaN,
                NaN,
                NaN,
                NaN,
                NaN,
                NaN,
                NaN,
                NaN,
                NaN
            ]
        }
    ]
}