{
    "experiments": [
        {
            "run_index": 0,
            "timestamp": "2025-05-06T23:56:11.173741",
            "truth_mean": [
                0.18809574842453003,
                -0.01950100064277649,
                -0.008399170823395252,
                0.020676380023360252,
                -0.04948223754763603,
                -4.0078864097595215,
                -0.017269199714064598,
                0.04484681040048599,
                0.008100557141005993
            ],
            "pred_mean": [
                0.17624607682228088,
                -0.04638737067580223,
                -0.006171341519802809,
                -0.0042774551548063755,
                -0.05436282232403755,
                -4.162745952606201,
                -0.003623659722507,
                0.053493682295084,
                0.08047762513160706
            ],
            "error_mean": [
                0.21437186002731323,
                0.17036320269107819,
                0.15126807987689972,
                0.1593388020992279,
                0.2117810696363449,
                0.2345234453678131,
                0.23774997889995575,
                0.33638671040534973,
                0.126482293009758
            ],
            "rmse_per_dim": [
                0.2717626988887787,
                0.24493075907230377,
                0.2085879147052765,
                0.23792986571788788,
                0.284488707780838,
                0.30911561846733093,
                0.4339439272880554,
                0.6102033257484436,
                0.17132997512817383
            ],
            "velocity_rmse": 0.24314260482788086,
            "attitude_rmse": 0.2787453532218933,
            "angular_vel_rmse": 0.443474680185318,
            "overall_rmse": 0.33341020345687866
        }
    ]
}