{
    { 
        "run_index": 0,
        "timestamp": "RNN",
        "truth_mean": [
            0.1509435474872589,
            -0.02849682793021202,
            -0.41047003865242004,
            0.14368721842765808,
            -0.018799079582095146,
            -0.026661017909646034,
            -0.0007873031427152455,
            -0.07591181993484497,
            -4.9537858963012695,
            -0.003043578239157796,
            0.07289622724056244,
            -0.09369436651468277
        ],
        "pred_mean": [
            0.16242927312850952,
            -0.02942328155040741,
            -0.4160235524177551,
            0.13867847621440887,
            -0.011092733591794968,
            -0.03056006133556366,
            -0.002849723445251584,
            -0.08725151419639587,
            -5.054193496704102,
            -0.0029557114467024803,
            0.09417092055082321,
            -0.14722298085689545
        ],
        "error_mean": [
            0.036239515990018845,
            0.032619066536426544,
            0.03598302602767944,
            0.04637143760919571,
            0.037901777774095535,
            0.049588125199079514,
            0.06162139028310776,
            0.06473341584205627,
            0.16894951462745667,
            0.15865853428840637,
            0.22745394706726074,
            0.11966225504875183
        ],
        "rmse_per_dim": [
            0.053963594138622284,
            0.04911225289106369,
            0.04878191277384758,
            0.06804332882165909,
            0.05080549418926239,
            0.07016602158546448,
            0.09835292398929596,
            0.10279424488544464,
            0.2530665993690491,
            0.33880382776260376,
            0.4481904208660126,
            0.19880762696266174
        ],
        "position_rmse": 0.05067463964223862,
        "velocity_rmse": 0.0635986402630806,
        "attitude_rmse": 0.16761329770088196,
        "angular_vel_rmse": 0.34408679604530334,
        "overall_rmse": 0.1956416666507721
    },
    {
        "run_index": 0,
        "timestamp": "Physics Informed",
        "truth_mean": [
            0.0322381891310215,
            0.11020036786794662,
            -0.3951859474182129,
            0.14380453526973724,
            0.036770403385162354,
            -0.006077670957893133,
            0.03251263126730919,
            -0.03262781724333763,
            -1.1265251636505127,
            -0.02162232995033264,
            0.055031668394804,
            0.09257056564092636
        ],
        "pred_mean": [
            0.015340271405875683,
            0.11431204527616501,
            -0.4025428295135498,
            0.2646435797214508,
            0.05245901271700859,
            0.030774645507335663,
            0.01897280290722847,
            -0.05821575969457626,
            -1.118905782699585,
            -0.04075164720416069,
            0.021743562072515488,
            0.10877858847379684
        ],
        "error_mean": [
            0.1609821319580078,
            0.15871433913707733,
            0.1073865219950676,
            0.21078601479530334,
            0.19194060564041138,
            0.18458694219589233,
            0.08581072092056274,
            0.0960746556520462,
            0.050247423350811005,
            0.19121262431144714,
            0.21680542826652527,
            0.07669889181852341
        ],
        "rmse_per_dim": [
            0.2359628528356552,
            0.23681841790676117,
            0.16386742889881134,
            0.29491814970970154,
            0.2798496186733246,
            0.2511001229286194,
            0.13654716312885284,
            0.14995263516902924,
            0.08178720623254776,
            0.28175076842308044,
            0.33041104674339294,
            0.1079026311635971
        ],
        "position_rmse": 0.21495266258716583,
        "velocity_rmse": 0.2758887708187103,
        "attitude_rmse": 0.12625381350517273,
        "angular_vel_rmse": 0.2583266496658325,
        "overall_rmse": 0.22638018429279327
    }
}